pdb_id,phi,psi
1UBQ,-91.0202,138.2641
1UBQ,-131.0989,163.0466
1UBQ,-115.9912,140.226
1UBQ,-118.0303,114.2244
1UBQ,-95.2261,127.5416
1UBQ,-99.5796,170.7542
1UBQ,-73.4252,-6.9358
1UBQ,-101.3971,14.9293
1UBQ,77.4447,16.5444
1UBQ,-96.2711,138.0789
1UBQ,-119.9447,131.7568
1UBQ,-109.4737,141.9885
1UBQ,-101.4413,139.7376
1UBQ,-126.4132,154.0002
1UBQ,-111.7952,121.1288
1UBQ,-139.0196,170.7171
1UBQ,-120.0428,144.5115
1UBQ,-54.9367,-24.527
1UBQ,-79.8384,-8.1368
1UBQ,-71.006,148.4354
1UBQ,-83.7038,160.4343
1UBQ,-61.3275,-37.21
1UBQ,-57.5667,-40.4877
1UBQ,-65.4883,-44.4443
1UBQ,-58.4233,-46.4088
1UBQ,-60.8123,-37.9648
1UBQ,-66.1219,-38.1201
1UBQ,-64.2163,-37.259
1UBQ,-69.9996,-39.564
1UBQ,-62.1262,-48.6278
1UBQ,-53.4121,-41.7666
1UBQ,-93.58,-24.3986
1UBQ,-123.5788,-6.3457
1UBQ,81.2164,5.3213
1UBQ,-79.7333,124.8668
1UBQ,-57.003,136.967
1UBQ,-57.1842,-32.1653
1UBQ,-68.2389,-15.5716
1UBQ,-95.7981,-10.4692
1UBQ,-84.8311,129.6955
1UBQ,-121.2432,115.9564
1UBQ,-103.5581,130.2408
1UBQ,-122.0749,131.807
1UBQ,-144.2704,129.6366
1UBQ,48.1713,45.994
1UBQ,61.7145,21.6164
1UBQ,-115.0664,142.713
1UBQ,-85.7723,130.2829
1UBQ,-79.5552,138.333
1UBQ,-101.8295,139.9595
1UBQ,-48.1901,-42.21
1UBQ,-82.9252,-8.8886
1UBQ,-85.4496,165.4644
1UBQ,-104.5098,164.5928
1UBQ,-61.218,-36.2052
1UBQ,-63.8914,-29.6222
1UBQ,-55.5523,-39.3028
1UBQ,-91.0216,4.6514
1UBQ,57.9396,45.3553
1UBQ,-88.6669,116.4408
1UBQ,-103.4373,169.5413
1UBQ,-54.7883,143.0572
1UBQ,66.8974,19.1472
1UBQ,-71.1469,159.5173
1UBQ,-119.1522,126.6734
1UBQ,-103.1357,154.6117
1UBQ,-105.5834,135.6702
1UBQ,-106.9736,115.7755
1UBQ,-108.1151,139.9337
1UBQ,-96.0197,138.7999
1UBQ,-117.6195,98.8111
1UBQ,-83.7244,150.394
1UBQ,-97.6604,93.8796
1UBQ,120.4148,125.5579
1VII,-64.3078,100.1907
1VII,-63.1389,154.2303
1VII,-33.4846,-75.6365
1VII,-36.2104,-64.3875
1VII,-47.252,-56.9821
1VII,-42.5803,-56.9377
1VII,-35.8229,-63.2446
1VII,-79.3815,39.3603
1VII,-140.7734,-78.9173
1VII,-79.6516,-72.8015
1VII,154.2853,-54.9436
1VII,-90.6174,-121.6614
1VII,-125.3646,162.5047
1VII,-67.2166,-43.2033
1VII,-53.3453,-59.5584
1VII,-61.6647,-37.0402
1VII,-50.7151,-28.1037
1VII,-85.3948,28.9423
1VII,-107.8588,-15.9307
1VII,-79.523,172.2885
1VII,-58.2559,146.6693
1VII,-54.8409,-41.0935
1VII,-67.4633,-30.4784
1VII,-72.4367,-26.8127
1VII,-68.8814,-77.1346
1VII,-37.7884,-36.61
1VII,-67.7742,-73.4942
1VII,-42.5146,-26.7584
1VII,-71.1035,-80.3022
1VII,-47.74,-20.8664
1VII,-77.0189,-36.0885
1VII,-157.5561,175.9193
1VII,68.3774,-11.0346
1VII,-78.1114,-18.7382
2LZM,-144.8893,171.6174
2LZM,-52.0613,-40.3062
2LZM,-69.0884,-42.6213
2LZM,-64.5414,-39.1523
2LZM,-62.4384,-49.4619
2LZM,-70.096,-25.6484
2LZM,-76.7414,-21.3157
2LZM,-71.7492,-46.1425
2LZM,-71.5632,-30.9224
2LZM,-102.422,-32.6052
2LZM,84.0255,-177.4614
2LZM,-135.8576,120.3063
2LZM,-134.9232,127.6686
2LZM,-93.8797,-7.3266
2LZM,-117.0979,145.6068
2LZM,-53.7789,139.6774
2LZM,-141.917,168.8644
2LZM,-102.1407,137.5544
2LZM,-49.2456,171.4917
2LZM,-64.48,-26.4817
2LZM,-85.3488,-5.6542
2LZM,88.5498,14.67
2LZM,-94.4091,147.6111
2LZM,-67.8549,124.277
2LZM,-141.8658,165.2669
2LZM,-155.0724,158.0703
2LZM,79.567,-133.8898
2LZM,-99.2043,70.0597
2LZM,66.1124,31.0479
2LZM,-84.372,96.973
2LZM,-64.2921,128.7281
2LZM,-94.6467,-48.5437
2LZM,-157.1555,151.4812
2LZM,-91.7637,-3.026
2LZM,-71.6582,138.9087
2LZM,-69.4612,-12.096
2LZM,-89.3784,130.0573
2LZM,-61.9025,-23.1684
2LZM,-75.8114,-39.076
2LZM,-61.7913,-34.4005
2LZM,-70.5918,-43.1956
2LZM,-61.8968,-37.2837
2LZM,-71.3071,-34.5304
2LZM,-68.3623,-39.7457
2LZM,-60.8019,-48.4629
2LZM,-63.8488,-36.9301
2LZM,-66.5654,-39.002
2LZM,-66.3753,-39.707
2LZM,-91.7927,-31.302
2LZM,86.3178,31.6756
2LZM,-157.7218,173.9338
2LZM,-90.2315,109.8896
2LZM,-101.9304,-28.8605
2LZM,65.8244,36.464
2LZM,74.704,12.7968
2LZM,-137.5782,134.8079
2LZM,-121.5328,171.1583
2LZM,-97.0723,167.1085
2LZM,-55.519,-48.311
2LZM,-49.728,-49.3526
2LZM,-70.5893,-34.8502
2LZM,-65.1068,-42.2463
2LZM,-71.6592,-27.6416
2LZM,-65.4605,-44.8874
2LZM,-63.5581,-35.5535
2LZM,-66.4078,-49.2871
2LZM,-51.4967,-45.1629
2LZM,-63.4394,-42.5635
2LZM,-63.4205,-40.9729
2LZM,-65.7746,-45.8243
2LZM,-57.7135,-44.5739
2LZM,-68.6451,-35.8366
2LZM,-60.9413,-49.9718
2LZM,-57.6892,-47.5798
2LZM,-61.446,-36.672
2LZM,-65.8196,-44.3138
2LZM,-52.1385,-52.4565
2LZM,-65.182,-23.1042
2LZM,-96.1338,-7.776
2LZM,-99.052,126.3764
2LZM,-62.2501,-29.3178
2LZM,-86.2804,-32.2334
2LZM,-87.975,-42.7669
2LZM,-47.9725,-48.6484
2LZM,-62.5877,-40.3101
2LZM,-66.1239,-46.8526
2LZM,-52.152,-47.6724
2LZM,-64.5293,-31.076
2LZM,-76.7798,-18.5533
2LZM,-88.0533,156.6363
2LZM,-74.9664,174.9846
2LZM,-61.591,-42.228
2LZM,-67.8829,-48.147
2LZM,-63.6558,-29.5905
2LZM,-57.7825,-41.0431
2LZM,-62.1703,-34.6696
2LZM,-67.0744,-36.0815
2LZM,-74.6741,-38.1289
2LZM,-56.8192,-41.6648
2LZM,-57.2233,-51.0197
2LZM,-56.7358,-46.9259
2LZM,-60.0515,-42.835
2LZM,-59.9035,-44.9963
2LZM,-70.6822,-50.6718
2LZM,-106.9277,-6.0666
2LZM,77.1953,157.7216
2LZM,-49.9495,-49.0278
2LZM,-61.0854,-52.6171
2LZM,-52.0417,-52.5035
2LZM,-67.9692,-37.037
2LZM,-64.2913,-14.1396
2LZM,-80.35,-10.9568
2LZM,-85.5502,52.1652
2LZM,-36.9702,-58.974
2LZM,-67.6593,-39.6888
2LZM,-69.8187,-35.6624
2LZM,-58.8973,-45.8032
2LZM,-54.1666,-52.5024
2LZM,-64.8386,-38.1879
2LZM,-64.505,-43.4682
2LZM,-58.7703,-36.3202
2LZM,-74.7256,-11.5996
2LZM,69.2574,34.2255
2LZM,-98.8023,71.4522
2LZM,-53.4008,-49.1066
2LZM,-69.7842,-38.5814
2LZM,-65.4447,-43.375
2LZM,-63.9569,-38.1235
2LZM,-59.2372,-43.2288
2LZM,-64.3393,-49.5847
2LZM,-60.4188,-43.6426
2LZM,-59.2215,-33.295
2LZM,-69.5061,-21.416
2LZM,-87.3534,64.9566
2LZM,-152.357,154.4477
2LZM,-50.8723,-45.3879
2LZM,-46.9966,-54.4405
2LZM,-65.5337,-43.7042
2LZM,-66.2135,-37.911
2LZM,-78.4766,-37.9588
2LZM,-133.977,71.1917
2LZM,-59.9918,-45.1479
2LZM,-63.287,-47.614
2LZM,-62.2342,-49.8461
2LZM,-54.7192,-43.6066
2LZM,-65.6877,-30.8534
2LZM,-69.5667,-42.5764
2LZM,-68.1739,-42.5171
2LZM,-61.6778,-43.6859
2LZM,-61.0717,-34.938
2LZM,-64.7385,-40.6286
2LZM,-71.4222,-37.6489
2LZM,-65.6358,-49.1964
2LZM,-92.2801,-31.7166
2LZM,76.2929,17.5428
2LZM,-127.9752,174.2972
2LZM,-99.5305,16.8981
2LZM,-53.9595,-33.6573
2LZM,-67.0448,-21.8999
2LZM,-97.6306,-8.9591
2LZM,-68.1768,-48.1284
2LZM,-53.2897,-61.2367
1BRS,-102.5781,105.0113
1BRS,-144.8012,28.1073
1BRS,-107.6285,162.0779
1BRS,-54.3999,-51.0244
1BRS,-71.1,-41.0088
1BRS,-60.4207,-49.3008
1BRS,-67.9075,-37.7991
1BRS,-65.4485,-40.9922
1BRS,-68.957,-41.2868
1BRS,-57.0037,-47.3045
1BRS,-58.1172,-46.5522
1BRS,-70.8057,-30.8141
1BRS,-82.101,-48.4198
1BRS,-103.3918,-2.9276
1BRS,54.5655,42.7016
1BRS,-171.6575,161.6662
1BRS,-77.2818,153.7529
1BRS,-58.7643,159.5979
1BRS,-64.5551,-8.8922
1BRS,-88.4151,4.8414
1BRS,-97.8029,142.2157
1BRS,-139.4087,147.0622
1BRS,-69.9932,165.9822
1BRS,-60.597,-41.9302
1BRS,-65.3052,-48.1224
1BRS,-52.5429,-44.8614
1BRS,-60.5169,-44.1565
1BRS,-60.6445,-41.4862
1BRS,-57.3974,-33.2773
1BRS,-88.6541,0.6821
1BRS,108.2581,13.9381
1BRS,-75.677,130.7888
1BRS,-126.0786,103.1199
1BRS,-49.5887,-48.02
1BRS,-64.3485,-14.918
1BRS,-84.5028,-24.7258
1BRS,71.9429,31.515
1BRS,-99.0988,23.6509
1BRS,-58.5299,-44.6773
1BRS,-71.6567,-16.1149
1BRS,-80.2578,-34.7751
1BRS,-96.5728,-13.5301
1BRS,-157.7176,75.2151
1BRS,-59.3906,141.8861
1BRS,74.5691,-3.2719
1BRS,-94.7743,156.8728
1BRS,-136.9426,148.7042
1BRS,-71.2436,134.3777
1BRS,177.7639,151.2374
1BRS,106.8111,-7.9883
1BRS,-68.9557,153.9506
1BRS,-65.1543,144.2486
1BRS,-113.8563,114.4014
1BRS,-85.8308,-0.0284
1BRS,45.1127,57.0293
1BRS,-63.3441,-32.5154
1BRS,-88.7894,-3.8374
1BRS,64.9649,25.8465
1BRS,-74.543,-29.1795
1BRS,-90.0375,150.6996
1BRS,-66.0299,134.8374
1BRS,-106.3021,165.25
1BRS,-166.7727,148.2326
1BRS,-66.4226,127.487
1BRS,94.3618,-11.0889
1BRS,-85.8063,122.8707
1BRS,-118.4019,152.5346
1BRS,-115.0859,153.1961
1BRS,-139.7958,162.1158
1BRS,-138.9769,161.973
1BRS,-147.8437,149.2359
1BRS,-74.1431,142.7752
1BRS,-122.1287,148.0009
1BRS,60.7762,24.6677
1BRS,-89.296,138.772
1BRS,-124.0018,-50.1357
1BRS,-165.4345,168.2438
1BRS,88.6389,-158.2514
1BRS,-72.6502,156.8433
1BRS,-65.2677,148.1867
1BRS,-98.4282,-170.9239
1BRS,-103.4412,12.9712
1BRS,-100.9049,132.2304
1BRS,-141.157,149.1425
1BRS,-109.4524,134.7829
1BRS,-119.0044,128.317
1BRS,-136.7951,137.2757
1BRS,-92.9141,164.4716
1BRS,-65.3394,-18.7754
1BRS,-108.1399,22.7874
1BRS,62.9616,36.3267
1BRS,-84.3509,141.4735
1BRS,-130.4231,129.8676
1BRS,-127.4147,166.2088
1BRS,-135.6048,156.9324
1BRS,-135.7672,138.8859
1BRS,-122.7258,2.8098
1BRS,-124.1838,39.223
1BRS,56.1976,52.347
1BRS,63.1078,23.677
1BRS,-78.5259,-41.2844
1BRS,-134.4757,152.1801
1BRS,-124.9969,150.8654
1BRS,-125.8788,133.2118
1BRS,-75.7342,129.3187
1BRS,-121.1847,-11.7381
1BRS,-94.5208,108.8857
1BRS,-136.7454,140.584
1BRS,-137.9868,104.1885
1BRS,-136.557,17.9807
1BRS,-96.3285,157.5645
1BRS,-52.1714,-55.6698
1BRS,-63.2958,-43.0684
1BRS,-61.2816,-44.4744
1BRS,-76.2006,-38.8306
1BRS,-60.5998,-47.8259
1BRS,-60.0602,-41.3879
1BRS,-61.4074,-46.9585
1BRS,-60.1424,-47.0286
1BRS,-60.7577,-43.9396
1BRS,-79.4463,-47.2691
1BRS,-100.0509,-9.9044
1BRS,61.9882,36.0726
1BRS,-166.6819,156.4317
1BRS,-77.8457,150.8936
1BRS,-58.6456,159.671
1BRS,-70.5398,-0.9793
1BRS,-88.8813,14.0034
1BRS,-111.0431,140.6599
1BRS,-136.4364,147.6465
1BRS,-75.5258,168.4282
1BRS,-56.7843,-46.8766
1BRS,-62.7112,-39.0657
1BRS,-67.8182,-40.0086
1BRS,-63.0384,-43.8427
1BRS,-65.7366,-35.0969
1BRS,-64.8141,-30.5205
1BRS,-83.8416,-6.4459
1BRS,109.9914,8.851
1BRS,-67.3075,133.3714
1BRS,-126.8713,107.1891
1BRS,-46.4596,-47.674
1BRS,-66.7334,-20.347
1BRS,-83.7508,-20.777
1BRS,62.4196,35.9402
1BRS,-97.2447,13.4033
1BRS,-46.0474,-43.2192
1BRS,-71.4122,-17.9513
1BRS,-75.5969,-45.6067
1BRS,-93.0213,-13.8545
1BRS,-152.3856,75.1068
1BRS,-57.4038,130.9408
1BRS,76.9757,2.916
1BRS,-101.3198,161.733
1BRS,-133.5379,153.3781
1BRS,-74.0652,130.6586
1BRS,-176.2953,154.8218
1BRS,106.5832,-9.2859
1BRS,-74.4525,151.9418
1BRS,-63.493,137.1063
1BRS,-105.1626,119.0949
1BRS,-85.9202,-2.5269
1BRS,46.0939,52.0685
1BRS,-56.6335,-33.5702
1BRS,-91.5586,2.0835
1BRS,59.0457,23.6452
1BRS,-75.1516,-24.9244
1BRS,-97.7731,154.2062
1BRS,-58.2055,117.8185
1BRS,-102.7783,162.3357
1BRS,-179.6609,150.0766
1BRS,-46.5556,125.3382
1BRS,78.3502,-6.6164
1BRS,-88.1902,129.4194
1BRS,-121.7957,141.6605
1BRS,-105.0572,154.3772
1BRS,-138.8595,154.833
1BRS,-130.2779,159.7531
1BRS,-149.8649,146.211
1BRS,-77.3281,139.5048
1BRS,-115.1104,148.5965
1BRS,62.9841,21.4885
1BRS,-93.3491,139.1983
1BRS,-123.6772,-49.8672
1BRS,-162.6773,165.656
1BRS,89.6433,-161.0676
1BRS,-68.3083,150.0487
1BRS,-68.7602,147.0632
1BRS,-95.4192,-170.293
1BRS,-104.0383,18.6492
1BRS,-104.8766,131.7159
1BRS,-144.5427,150.9317
1BRS,-110.8084,136.1772
1BRS,-114.6764,121.3911
1BRS,-136.4382,136.4735
1BRS,-92.4383,165.9923
1BRS,-65.5975,-24.3398
1BRS,-104.9342,27.4675
1BRS,54.0704,40.831
1BRS,-81.1516,144.8942
1BRS,-129.8095,123.4144
1BRS,-126.6249,163.9056
1BRS,-138.7584,160.4785
1BRS,-135.3181,141.878
1BRS,-124.2445,1.33
1BRS,-124.1772,37.3829
1BRS,52.3226,59.5416
1BRS,58.3585,21.8036
1BRS,-73.2874,-49.1004
1BRS,-132.6422,150.455
1BRS,-128.5367,143.3451
1BRS,-123.9329,128.4197
1BRS,-71.6619,129.9583
1BRS,-125.3617,-6.7853
1BRS,-100.6324,95.8097
1BRS,-142.4392,32.5567
1BRS,-109.8137,159.8494
1BRS,-56.8474,-53.4746
1BRS,-63.3588,-46.6414
1BRS,-49.8278,-67.1128
1BRS,-58.2024,-41.3973
1BRS,-60.1496,-41.979
1BRS,-66.9355,-36.5334
1BRS,-67.6547,-41.2117
1BRS,-62.8345,-49.3355
1BRS,-46.5579,-53.781
1BRS,-69.9299,-68.4423
1BRS,-86.6248,-11.0915
1BRS,55.0041,38.2844
1BRS,-162.6592,161.7382
1BRS,-87.9174,143.6568
1BRS,-47.2647,156.5277
1BRS,-72.9446,13.278
1BRS,-91.1899,-0.1079
1BRS,-94.6262,133.0565
1BRS,-135.9121,140.3493
1BRS,-73.4108,173.4464
1BRS,-67.2123,-40.2194
1BRS,-64.6092,-43.7104
1BRS,-56.6324,-60.9265
1BRS,-50.4559,-45.3617
1BRS,-52.0867,-52.444
1BRS,-46.7152,-54.7835
1BRS,-68.7379,22.9058
1BRS,70.9709,23.6065
1BRS,-75.0033,123.9177
1BRS,-120.8823,97.9707
1BRS,-34.3199,-56.2777
1BRS,-50.4107,-19.8153
1BRS,-89.0792,-64.891
1BRS,101.9033,33.3191
1BRS,-96.5857,19.1388
1BRS,-78.355,-39.8233
1BRS,-66.3173,-46.4666
1BRS,-60.926,-48.1906
1BRS,-88.614,3.4237
1BRS,-178.0472,85.5887
1BRS,-71.5263,135.1691
1BRS,67.8248,17.7833
1BRS,-106.0263,162.4625
1BRS,-145.5769,152.9277
1BRS,-74.7216,121.9584
1BRS,-162.9951,152.4847
1BRS,91.5794,-5.5773
1BRS,-71.1854,155.7288
1BRS,-60.7696,145.6333
1BRS,-119.1112,114.3365
1BRS,-76.7373,-7.7958
1BRS,49.9144,52.3011
1BRS,-61.4821,-35.6188
1BRS,-88.99,-10.047
1BRS,68.8639,28.2842
1BRS,-76.7082,-33.0765
1BRS,-86.437,149.2302
1BRS,-61.8315,130.5385
1BRS,-109.5251,159.4377
1BRS,-176.9602,161.6499
1BRS,-60.4366,126.0053
1BRS,71.8047,16.1024
1BRS,-95.554,128.5566
1BRS,-123.31,145.7647
1BRS,-115.9544,149.7274
1BRS,-137.7836,160.3519
1BRS,-132.9548,168.7608
1BRS,-160.4464,142.8093
1BRS,-69.7153,148.0402
1BRS,-128.3963,145.9523
1BRS,63.7639,25.2973
1BRS,-100.275,148.0616
1BRS,-134.2393,-57.7744
1BRS,-147.1047,161.9916
1BRS,79.2951,-136.7943
1BRS,-75.2452,132.3701
1BRS,-64.243,153.414
1BRS,-101.049,-169.9483
1BRS,-97.5182,17.4047
1BRS,-106.7054,130.8019
1BRS,-143.9119,149.9274
1BRS,-110.3389,137.2167
1BRS,-120.9201,123.4764
1BRS,-128.7074,140.1345
1BRS,-96.7607,160.7987
1BRS,-53.3032,-26.6081
1BRS,-108.9526,28.9823
1BRS,45.577,63.5385
1BRS,-109.6984,131.3742
1BRS,-130.5695,128.6607
1BRS,-128.211,163.1431
1BRS,-137.0948,162.3959
1BRS,-145.2138,137.567
1BRS,-125.1292,9.9304
1BRS,-121.8424,32.1202
1BRS,55.0684,55.9298
1BRS,67.6367,7.5772
1BRS,-67.2299,-43.8646
1BRS,-134.2952,142.323
1BRS,-126.1316,139.601
1BRS,-126.4781,127.9554
1BRS,-72.6825,122.0979
1BRS,-114.2968,-2.0862
1BRS,-118.7441,130.1216
1BRS,-120.8229,130.425
1BRS,-120.0229,130.8625
1BRS,-112.6053,116.469
1BRS,-89.8316,90.7314
1BRS,-47.2668,-32.182
1BRS,-73.8689,-18.7832
1BRS,-86.0158,-2.1816
1BRS,-89.3834,109.1202
1BRS,-103.3334,-3.9251
1BRS,-164.3284,171.3428
1BRS,-64.2982,-37.0533
1BRS,-59.4331,-39.7208
1BRS,-59.0914,-46.8644
1BRS,-57.6656,-54.9367
1BRS,-58.5255,-34.0609
1BRS,-67.7399,-44.3067
1BRS,-60.9209,-41.7966
1BRS,-61.8844,-45.1378
1BRS,-55.3292,-46.5781
1BRS,-72.3506,-56.2404
1BRS,-56.4258,-34.6543
1BRS,-100.3492,1.7964
1BRS,53.6523,49.4399
1BRS,-71.0474,157.7601
1BRS,-57.1622,150.6999
1BRS,-61.7841,-25.767
1BRS,-82.7846,0.2882
1BRS,-37.0687,119.065
1BRS,-67.2868,-12.2613
1BRS,50.6289,46.9488
1BRS,-145.9198,169.3204
1BRS,-66.9211,-32.6305
1BRS,-69.0489,-40.6654
1BRS,-66.9534,-39.0012
1BRS,-65.5202,-44.6613
1BRS,-56.4955,-45.2913
1BRS,-59.4392,-45.1252
1BRS,-69.6893,-39.5696
1BRS,-66.2795,-34.7198
1BRS,-94.0897,-11.5172
1BRS,-150.4809,35.5535
1BRS,-156.2511,-57.5074
1BRS,-56.4737,145.6042
1BRS,-87.7752,137.426
1BRS,-119.5877,163.1062
1BRS,-67.4841,153.3788
1BRS,-124.5689,139.9033
1BRS,-119.3268,116.4137
1BRS,-101.4798,108.2231
1BRS,-105.1121,107.062
1BRS,-106.2261,100.0347
1BRS,-91.0649,150.9767
1BRS,48.9486,50.1633
1BRS,-49.5283,-50.4175
1BRS,-57.0709,-36.5273
1BRS,-66.4879,-39.3575
1BRS,-65.8238,-34.7976
1BRS,-62.0212,-44.6442
1BRS,-55.7645,-57.0048
1BRS,-64.6148,-23.32
1BRS,-54.3656,-38.6265
1BRS,-69.3255,-41.6789
1BRS,-59.4116,-42.3157
1BRS,-67.864,-46.1213
1BRS,-57.2921,-42.7941
1BRS,-58.2048,-40.4075
1BRS,-64.1197,-42.1816
1BRS,-61.3391,-42.0206
1BRS,-67.1399,-37.5403
1BRS,-68.8145,-34.7601
1BRS,-66.6831,-39.1769
1BRS,-69.7352,-47.2632
1BRS,-48.3641,-45.174
1BRS,-71.3394,6.0307
1BRS,106.5347,-14.749
1BRS,-65.8756,140.0433
1BRS,-82.7999,80.6456
1BRS,-119.6654,121.2832
1BRS,-98.2069,125.7038
1BRS,-111.8855,121.5176
1BRS,-114.6053,120.5354
1BRS,-109.0517,102.6877
1BRS,-87.8451,138.8482
1BRS,-133.3732,123.1954
1BRS,-101.8458,114.9445
1BRS,-87.4335,89.504
1BRS,-43.7457,-44.612
1BRS,-65.4291,-22.2001
1BRS,-99.1626,-1.35
1BRS,-72.4732,124.8223
1BRS,-92.5201,-18.4605
1BRS,-165.3585,-179.8774
1BRS,-69.1028,-35.8073
1BRS,-56.9991,-44.6235
1BRS,-55.9624,-45.5408
1BRS,-60.7096,-48.3211
1BRS,-62.8456,-47.8657
1BRS,-57.3585,-38.1102
1BRS,-69.986,-45.9678
1BRS,-57.7103,-42.1695
1BRS,-52.8529,-47.5186
1BRS,-64.7258,-54.9049
1BRS,-65.5243,-36.4705
1BRS,-99.8475,0.7699
1BRS,59.5102,52.4787
1BRS,-75.9489,161.9968
1BRS,-56.5125,151.3046
1BRS,-57.6129,-34.325
1BRS,-83.7771,2.0683
1BRS,-34.2716,119.622
1BRS,-72.2662,-5.4212
1BRS,52.6741,53.9001
1BRS,-157.6791,169.5187
1BRS,-66.0717,-34.6316
1BRS,-70.6484,-33.8399
1BRS,-69.1562,-37.7281
1BRS,-65.7507,-43.1516
1BRS,-59.9027,-46.8619
1BRS,-56.9878,-47.7439
1BRS,-61.6003,-39.6501
1BRS,-73.1694,-34.9495
1BRS,-94.7458,-9.3896
1BRS,-152.4682,37.3056
1BRS,-160.0695,-54.597
1BRS,-64.7455,152.37
1BRS,-86.6224,141.3617
1BRS,-113.3289,153.1617
1BRS,-70.4011,157.9484
1BRS,-128.2492,138.6891
1BRS,-129.8917,113.9138
1BRS,-114.6015,118.4701
1BRS,-109.1777,113.5084
1BRS,-104.4249,100.3752
1BRS,-83.8538,144.1665
1BRS,55.9579,43.958
1BRS,-41.6805,-59.103
1BRS,-44.3102,-46.1928
1BRS,-61.7595,-40.8965
1BRS,-64.853,-41.2068
1BRS,-54.4898,-51.1017
1BRS,-59.6246,-58.4337
1BRS,-58.9425,-37.7456
1BRS,-59.9897,-33.921
1BRS,-64.0597,-37.5272
1BRS,-66.6271,-40.1346
1BRS,-62.7023,-46.5466
1BRS,-58.4064,-44.8264
1BRS,-58.153,-34.0742
1BRS,-63.0204,-42.4882
1BRS,-64.9967,-40.5409
1BRS,-67.1633,-42.4198
1BRS,-62.5869,-44.6089
1BRS,-60.5651,-39.4966
1BRS,-63.7773,-52.1035
1BRS,-55.4227,-25.415
1BRS,-96.1594,13.4939
1BRS,107.0604,-14.9379
1BRS,-61.8339,141.3981
1BRS,-82.2574,73.913
1BRS,-117.5495,138.2679
1BRS,-120.9223,128.2665
1BRS,-113.6215,131.0518
1BRS,-119.6979,114.8529
1BRS,-103.264,105.942
1BRS,-118.9199,134.838
1BRS,-112.6393,121.2628
1BRS,-113.3187,134.333
1BRS,-116.7509,116.9097
1BRS,-93.0806,92.5475
1BRS,-49.5121,-33.0191
1BRS,-72.6119,-11.0889
1BRS,-91.2943,-9.0176
1BRS,-84.9395,117.159
1BRS,-115.1345,3.5567
1BRS,-165.3228,164.2259
1BRS,-66.3562,-27.5166
1BRS,-64.9483,-44.6207
1BRS,-59.1781,-40.0984
1BRS,-64.296,-51.3472
1BRS,-60.9481,-39.0193
1BRS,-65.2061,-38.4232
1BRS,-68.1711,-43.8705
1BRS,-60.7796,-47.563
1BRS,-48.9936,-50.1971
1BRS,-69.9064,-52.0372
1BRS,-63.5018,-30.0788
1BRS,-100.0541,-0.4718
1BRS,59.3633,41.0562
1BRS,-66.7237,167.8175
1BRS,-61.6097,148.9077
1BRS,-56.9944,-32.2762
1BRS,-85.1257,3.1494
1BRS,-35.8438,125.688
1BRS,-70.965,-5.7066
1BRS,48.0167,51.0106
1BRS,-154.2215,169.573
1BRS,-61.818,-45.1246
1BRS,-63.5285,-42.9273
1BRS,-60.27,-49.9423
1BRS,-60.3497,-40.9775
1BRS,-63.3827,-35.7061
1BRS,-66.4951,-39.4158
1BRS,-69.6569,-36.4047
1BRS,-71.4773,-40.4553
1BRS,-94.8915,-5.7254
1BRS,-155.6369,36.8493
1BRS,-160.7726,-51.3314
1BRS,-74.1557,153.1468
1BRS,-91.7197,141.5136
1BRS,-122.4067,159.6639
1BRS,-74.3082,158.6526
1BRS,-126.1429,138.4367
1BRS,-114.1234,117.1327
1BRS,-106.0717,111.2555
1BRS,-107.9362,112.358
1BRS,-109.5377,105.3518
1BRS,-92.9013,155.9722
1BRS,48.7894,49.7777
1BRS,-53.6231,-47.7054
1BRS,-62.4747,-35.0242
1BRS,-61.2273,-46.8838
1BRS,-47.5813,-51.766
1BRS,-63.2222,-38.6531
1BRS,-59.7506,-45.6699
1BRS,-93.0497,-5.2178
1BRS,-108.8104,-2.2547
1BRS,55.6454,64.3221
1BRS,73.5653,-7.9627
1BRS,-65.4062,-31.2569
1BRS,-61.8637,-38.3171
1BRS,-64.7742,-47.5044
1BRS,-53.6388,-46.7918
1BRS,-65.1551,-51.0434
1BRS,-54.9345,-43.7564
1BRS,-60.3037,-30.8028
1BRS,-71.6399,-40.4629
1BRS,-65.6799,-34.8389
1BRS,-69.5772,-37.4374
1BRS,-70.8698,-37.0555
1BRS,-60.5741,-39.7071
1BRS,-63.7011,-51.9394
1BRS,-51.2866,-45.4966
1BRS,-70.9097,8.1879
1BRS,102.081,-8.8976
1BRS,-63.8577,144.273
1BRS,-86.0406,79.7289
1BRS,-113.4892,126.2806
1BRS,-104.6123,123.0299
1BRS,-105.508,127.3044
1BRS,-118.1436,117.0862
1BRS,-103.8618,103.0856
1TIM,-59.8358,-72.4081
1TIM,83.1557,29.9304
1TIM,-22.6952,116.3065
1TIM,-44.9678,122.8829
1TIM,-117.5335,124.7122
1TIM,-114.4163,127.782
1TIM,-109.6216,121.4668
1TIM,-110.0932,102.9286
1TIM,-106.0156,110.2802
1TIM,-69.8796,-18.9694
1TIM,61.9377,-148.9733
1TIM,-114.7701,71.3536
1TIM,-145.0918,-174.0245
1TIM,68.3313,126.0049
1TIM,-106.5482,167.8701
1TIM,-41.5589,-65.7877
1TIM,-43.0509,-72.1263
1TIM,-44.0263,-52.8146
1TIM,-55.2246,-54.0415
1TIM,-46.8377,-51.5574
1TIM,-46.4882,-66.2938
1TIM,-41.3501,-56.956
1TIM,-55.4351,-56.9004
1TIM,-42.5708,-58.1205
1TIM,-46.937,-61.4088
1TIM,-46.9802,-43.9209
1TIM,-57.8863,-69.6309
1TIM,-34.9377,-58.4171
1TIM,-31.7239,77.0856
1TIM,-35.0521,-72.57
1TIM,-9.1449,122.0305
1TIM,-142.1827,-86.5208
1TIM,82.0553,-160.8533
1TIM,-93.6721,46.986
1TIM,-112.0088,134.3285
1TIM,-99.5661,114.6248
1TIM,-113.2282,117.8583
1TIM,-120.5181,119.8344
1TIM,-98.9793,135.3219
1TIM,-133.3062,126.5078
1TIM,-139.9678,148.7247
1TIM,-22.307,131.8697
1TIM,-21.9746,-68.344
1TIM,-53.4709,-63.6244
1TIM,-47.7562,-25.0782
1TIM,-37.8105,-63.9721
1TIM,-52.0443,-55.8499
1TIM,-45.1993,-60.7048
1TIM,-40.5497,-62.2765
1TIM,-45.6093,-64.1417
1TIM,-53.0556,-44.0118
1TIM,-76.6099,-41.8477
1TIM,-67.56,171.5119
1TIM,-126.5785,128.3689
1TIM,2.5607,-82.4849
1TIM,-14.1163,-50.2291
1TIM,-94.857,119.0694
1TIM,-83.1748,153.2609
1TIM,-113.281,114.4313
1TIM,-116.3777,141.2768
1TIM,-103.4565,146.7451
1TIM,-86.8959,120.0638
1TIM,87.4595,116.8661
1TIM,-125.666,155.7543
1TIM,-118.6187,139.6737
1TIM,-66.4823,172.9169
1TIM,68.1275,140.191
1TIM,-63.8633,-69.0253
1TIM,-140.0399,156.0568
1TIM,174.0644,-178.6842
1TIM,-86.6153,89.1895
1TIM,-162.3166,76.9575
1TIM,-51.8995,119.3795
1TIM,117.3277,-76.1267
1TIM,-46.4745,-174.6349
1TIM,-165.2151,153.016
1TIM,-101.066,147.3
1TIM,-57.0716,-33.8811
1TIM,-46.4491,-41.7036
1TIM,-50.5349,-67.3362
1TIM,-53.2896,-35.9106
1TIM,-55.4844,-73.4655
1TIM,-41.8078,-39.8404
1TIM,-69.5632,-50.5252
1TIM,153.1454,8.2801
1TIM,-93.5776,149.6512
1TIM,-119.535,-13.2415
1TIM,-122.195,-174.6608
1TIM,-173.8966,124.7823
1TIM,-103.142,131.7767
1TIM,-143.1299,164.3917
1TIM,83.9584,18.5148
1TIM,-68.7355,123.0998
1TIM,-28.507,-45.1958
1TIM,-53.9064,-60.8428
1TIM,-53.8288,-49.2973
1TIM,-46.5544,-61.2342
1TIM,-66.1354,-51.4117
1TIM,-80.1362,-37.1863
1TIM,-102.4281,-13.2736
1TIM,79.1111,4.2333
1TIM,-31.1892,159.7206
1TIM,-125.4839,168.9442
1TIM,-57.8612,-38.9391
1TIM,-58.9493,-41.0419
1TIM,-65.1863,-56.467
1TIM,-45.7375,-55.0666
1TIM,-50.532,-56.5741
1TIM,-55.5639,-48.7965
1TIM,-46.4777,-64.3103
1TIM,-41.975,-60.3846
1TIM,-49.758,-58.4892
1TIM,-52.8792,-55.2302
1TIM,-45.2761,-51.296
1TIM,-62.3913,-56.687
1TIM,-44.832,-42.2287
1TIM,-87.4341,16.163
1TIM,74.0163,14.5671
1TIM,-92.641,136.0389
1TIM,-65.6711,138.0809
1TIM,-119.4286,140.5458
1TIM,-118.4247,103.4158
1TIM,-88.562,122.5548
1TIM,-99.6289,123.6154
1TIM,-118.6341,134.8303
1TIM,-152.0912,159.2288
1TIM,-124.6604,141.7315
1TIM,-119.6607,126.6645
1TIM,-4.6378,-74.4829
1TIM,-36.93,-48.9887
1TIM,-77.3276,-45.4371
1TIM,-43.2713,-51.843
1TIM,-48.296,-67.987
1TIM,-50.9878,-16.7967
1TIM,98.8684,20.3357
1TIM,-83.304,24.6927
1TIM,-50.8693,-55.3966
1TIM,-40.2222,-67.8531
1TIM,-53.292,-57.0785
1TIM,-44.8525,-76.8086
1TIM,-50.9536,-53.4518
1TIM,-53.268,-51.6362
1TIM,-51.9843,-64.3906
1TIM,-45.2384,-52.7363
1TIM,-53.5234,-38.5136
1TIM,-55.6458,-62.5753
1TIM,-39.0833,-63.8268
1TIM,-43.7761,-72.6316
1TIM,-45.59,-54.4973
1TIM,-43.0505,-62.3036
1TIM,-59.4154,-35.7641
1TIM,-27.9142,-172.7029
1TIM,174.1439,39.9327
1TIM,112.0009,157.6517
1TIM,-122.8531,-2.0626
1TIM,-54.7864,18.6725
1TIM,-156.228,27.7576
1TIM,-129.9873,137.3893
1TIM,-124.8108,147.2135
1TIM,-112.254,119.2873
1TIM,-112.4941,120.4899
1TIM,-96.4436,116.9455
1TIM,-106.3489,123.3294
1TIM,-112.2075,107.5073
1TIM,-79.3661,-12.9477
1TIM,-64.4817,-8.9339
1TIM,-137.4501,19.4572
1TIM,-106.35,108.405
1TIM,46.651,22.3326
1TIM,-112.7001,19.4697
1TIM,60.5067,141.8503
1TIM,124.7226,164.6655
1TIM,-120.0285,113.9766
1TIM,-90.8421,111.3313
1TIM,-94.9648,163.6152
1TIM,-42.3079,-43.7934
1TIM,-56.1059,-63.2141
1TIM,-52.2487,-42.3225
1TIM,-55.1899,-68.0656
1TIM,-36.8259,-66.7709
1TIM,-35.8863,-71.3553
1TIM,-57.3352,-43.1314
1TIM,-54.6557,-65.4429
1TIM,-34.4903,-60.6575
1TIM,-51.0998,-54.2892
1TIM,-51.7998,-59.8815
1TIM,-36.7909,-60.9507
1TIM,-53.5315,-49.8259
1TIM,-49.2365,-56.6409
1TIM,-39.1657,-72.8859
1TIM,-38.5471,-67.9186
1TIM,-47.4766,-47.5491
1TIM,-76.1261,-35.7249
1TIM,-96.7224,-55.2379
1TIM,143.5044,154.4213
1TIM,-48.8198,-64.8998
1TIM,-35.881,-65.4674
1TIM,-46.9282,-64.7713
1TIM,-36.7897,-46.2223
1TIM,-69.19,-56.2077
1TIM,-74.5526,-36.9778
1TIM,-62.7137,131.9619
1TIM,-95.8716,141.1682
1TIM,-120.8579,118.2594
1TIM,-111.9425,153.6684
1TIM,-81.5221,128.5891
1TIM,-98.8808,24.7884
1TIM,-105.0882,-142.9487
1TIM,-82.8999,102.6571
1TIM,-111.2322,109.5185
1TIM,-118.9033,-172.2122
1TIM,-77.5798,98.7025
1TIM,125.9342,-47.9223
1TIM,-61.8925,-58.8314
1TIM,-35.1868,-66.4582
1TIM,-45.3244,-62.3818
1TIM,-39.4007,-48.0798
1TIM,-74.9548,-53.6236
1TIM,-58.8683,-39.0938
1TIM,-44.5167,-9.1226
1TIM,-84.8575,147.7366
1TIM,-59.3292,-97.0204
1TIM,-58.3768,29.4139
1TIM,-112.7213,124.4151
1TIM,-117.8393,14.1796
1TIM,164.7013,-174.923
1TIM,-159.1298,162.3663
1TIM,-115.3003,108.3936
1TIM,-109.6592,141.122
1TIM,-126.3736,-129.0341
1TIM,-2.1958,-102.9707
1TIM,-19.7878,-50.077
1TIM,-45.8821,-27.8488
1TIM,-57.4953,-18.7048
1TIM,-124.9736,171.5656
1TIM,-39.3033,-7.2427
1TIM,-54.4128,-43.3599
1TIM,-45.5532,-64.7907
1TIM,-48.7218,-65.0794
1TIM,-31.235,-67.8557
1TIM,-54.4793,-69.0066
1TIM,-30.8106,-53.3918
1TIM,-41.1701,-20.1088
1TIM,-34.3205,155.4184
1TIM,178.1159,167.1267
1TIM,-85.6667,94.2562
1TIM,140.6228,115.3615
1TIM,-123.2259,142.6176
1TIM,-38.4613,123.8254
1TIM,-110.1049,109.9593
1TIM,-111.2675,119.8558
1TIM,-120.8658,126.7297
1TIM,-99.605,115.1899
1TIM,-104.973,102.8599
1TIM,-77.0077,-13.7708
1TIM,58.3545,-145.5915
1TIM,-121.6913,87.2834
1TIM,-131.8389,-15.1882
1TIM,-39.4329,133.3615
1TIM,-148.7738,142.2099
1TIM,-50.9914,-61.3135
1TIM,-46.4683,-65.0552
1TIM,-42.0883,-61.9827
1TIM,-48.7088,-57.9159
1TIM,-45.3404,-58.9648
1TIM,-49.6006,-60.5765
1TIM,-41.1605,-63.0124
1TIM,-43.3808,-66.7189
1TIM,-41.2274,-62.3634
1TIM,-43.1054,-58.6931
1TIM,-48.6811,-49.697
1TIM,-66.2728,-42.253
1TIM,-73.989,-15.7505
1TIM,-70.4798,159.0153
1TIM,-101.1156,109.9387
1TIM,-115.4402,147.0286
1TIM,-69.681,-178.8114
1TIM,-117.7061,-6.5824
1TIM,-85.9566,-14.6052
1TIM,-100.3719,140.4214
1TIM,-112.7233,122.3447
1TIM,-114.9911,127.5237
1TIM,-140.4268,133.7363
1TIM,-130.7565,139.6755
1TIM,-124.5393,138.8769
1TIM,-148.8294,176.0849
1TIM,-24.9588,140.2034
1TIM,-52.2356,-44.1823
1TIM,-76.7192,3.4327
1TIM,-118.5208,-20.0192
1TIM,-49.5677,-34.457
1TIM,-75.821,-50.2784
1TIM,-51.5076,-52.6625
1TIM,-40.0462,-64.987
1TIM,-55.6644,-51.6558
1TIM,-44.4548,-50.8541
1TIM,-74.0747,-69.6957
1TIM,-43.9645,139.3216
1TIM,-52.2924,121.9158
1TIM,-28.7246,-25.809
1TIM,-87.6977,-9.5463
1TIM,-89.4772,126.2768
1TIM,-68.3726,147.5533
1TIM,-135.574,135.9144
1TIM,-131.461,161.2996
1TIM,-104.6893,129.1635
1TIM,-76.1831,19.5387
1TIM,171.4228,155.9354
1TIM,-164.5728,156.7009
1TIM,-96.1108,149.6599
1TIM,-61.2003,18.7258
1TIM,-141.9422,147.6357
1TIM,-79.4791,-87.8987
1TIM,-93.2599,115.9742
1TIM,-169.9993,174.3173
1TIM,-89.67,78.9747
1TIM,-135.9242,66.7875
1TIM,-34.79,118.5428
1TIM,93.9297,-14.411
1TIM,-80.6109,140.8392
1TIM,-106.1877,153.0206
1TIM,-117.6109,149.5924
1TIM,-46.9882,-48.4129
1TIM,-51.9358,-61.5913
1TIM,-47.8081,-55.6249
1TIM,-33.0162,-60.3484
1TIM,-60.8471,-53.3242
1TIM,-42.6158,-49.7745
1TIM,-63.0944,-43.0905
1TIM,126.7337,9.8347
1TIM,-65.7606,153.0718
1TIM,-127.185,-21.1752
1TIM,-105.4803,126.4883
1TIM,-124.6246,145.466
1TIM,-109.7771,121.3739
1TIM,-125.0037,137.9115
1TIM,68.8111,27.5697
1TIM,-53.0475,157.1496
1TIM,-55.3902,-54.6105
1TIM,-50.9289,-54.593
1TIM,-45.0035,-75.767
1TIM,-32.9455,-49.4536
1TIM,-97.5955,-26.1734
1TIM,-103.6996,-1.1827
1TIM,-121.4702,-146.7925
1TIM,-153.8702,78.3017
1TIM,-109.7793,139.9265
1TIM,-129.0428,169.1178
1TIM,-41.9057,-74.9985
1TIM,-37.5656,-52.8419
1TIM,-49.456,-68.6178
1TIM,-40.5724,-50.3496
1TIM,-55.5249,-62.2217
1TIM,-42.9062,-49.4744
1TIM,-56.3418,-62.3762
1TIM,-44.1728,-45.2325
1TIM,-56.3844,-64.102
1TIM,-48.7099,-44.162
1TIM,-61.1315,-51.6852
1TIM,-51.9842,-47.3239
1TIM,-48.7019,-68.5983
1TIM,-57.4294,21.2132
1TIM,55.2283,33.3351
1TIM,-102.995,158.5538
1TIM,-86.797,121.3577
1TIM,-94.9754,133.0741
1TIM,-116.097,109.432
1TIM,-110.8347,130.4038
1TIM,-89.8122,128.2358
1TIM,-114.882,133.0722
1TIM,-137.6986,145.7873
1TIM,-125.1179,123.0545
1TIM,-103.7749,165.0394
1TIM,-39.5868,-65.722
1TIM,-45.8307,-60.8578
1TIM,-53.9412,-61.9979
1TIM,-37.9773,-51.2301
1TIM,-54.6801,-71.0792
1TIM,-42.4576,-44.2915
1TIM,109.5064,22.1179
1TIM,-95.9673,-5.5537
1TIM,-40.761,-56.4827
1TIM,-41.9627,-65.8852
1TIM,-38.6937,-66.9374
1TIM,-48.5581,-62.3854
1TIM,-45.3622,-60.1661
1TIM,-51.7867,-53.6808
1TIM,-52.6797,-48.2226
1TIM,-55.3722,-55.1543
1TIM,-50.0134,-50.9698
1TIM,-54.8904,-56.2799
1TIM,-44.9792,-63.9444
1TIM,-36.2952,-73.1487
1TIM,-29.9383,-55.6392
1TIM,-65.0013,-48.7454
1TIM,-57.3853,-52.4424
1TIM,-60.1129,178.9411
1TIM,177.3141,-34.0368
1TIM,-102.5982,75.0773
1TIM,-57.6265,-1.3207
1TIM,-83.304,-49.6945
1TIM,-94.7363,41.6849
1TIM,-142.7467,116.0984
1TIM,-117.5188,126.6616
1TIM,-105.6555,125.0146
1TIM,-114.1667,127.7243
1TIM,-91.2453,115.6354
1TIM,-106.1131,117.8588
1TIM,-86.3787,104.4509
1TIM,-88.7656,-44.0183
1TIM,-40.3516,-2.0613
1TIM,-121.4793,52.6254
1TIM,-130.9562,115.1073
1TIM,27.2291,57.4551
1TIM,-126.9284,-5.6444
1TIM,69.1016,24.073
1TIM,-119.4553,177.7387
1TIM,-151.7266,126.4977
1TIM,-68.7991,120.6977
1TIM,-71.5606,136.0192
1TIM,-51.3944,-31.7095
1TIM,-58.032,-57.557
1TIM,-47.7766,-53.9551
1TIM,-56.6893,-55.611
1TIM,-46.2854,-54.5618
1TIM,-46.4368,-63.1508
1TIM,-44.383,-57.5913
1TIM,-54.3643,-57.3504
1TIM,-51.796,-48.4082
1TIM,-60.0515,-49.1649
1TIM,-51.2512,-56.436
1TIM,-47.8423,-48.5335
1TIM,-56.3573,-55.3648
1TIM,-48.4587,-51.9359
1TIM,-55.2383,-55.4688
1TIM,-39.9536,-45.8392
1TIM,-61.9774,-66.0345
1TIM,-64.3741,-47.4752
1TIM,-97.532,-55.1465
1TIM,150.5214,167.7312
1TIM,-54.3753,-64.7557
1TIM,-33.2739,-61.3221
1TIM,-45.8722,-72.6782
1TIM,-33.6649,-50.9897
1TIM,-63.6945,-64.9024
1TIM,-58.6479,-44.1865
1TIM,-45.9703,121.6045
1TIM,-87.6105,119.0016
1TIM,-107.8204,124.4965
1TIM,-120.8718,152.006
1TIM,-78.3829,127.5198
1TIM,-108.8299,43.4977
1TIM,-119.4282,-160.5331
1TIM,-36.8969,-117.884
1TIM,99.7629,112.7147
1TIM,-147.4573,176.2648
1TIM,-51.5518,-36.8255
1TIM,-78.6826,-5.5569
1TIM,-121.5233,-31.9435
1TIM,-34.9835,-81.4799
1TIM,-40.657,-60.095
1TIM,-42.681,-66.6012
1TIM,-47.8092,-61.8279
1TIM,-49.2884,-48.284
1TIM,-56.2014,-42.1806
1TIM,-12.4109,-10.2331
1TIM,82.617,-66.0619
1TIM,-91.7615,5.4562
1TIM,-106.0014,133.3753
1TIM,-102.5693,7.5973
1TIM,140.4183,-157.1937
1TIM,-137.8599,143.1856
1TIM,-112.0192,84.9023
1TIM,-88.5704,139.8592
1TIM,-98.3358,-116.4768
1TIM,-19.2939,-67.1571
1TIM,-26.7765,-49.9934
1TIM,-70.4432,6.9525
1TIM,-87.0747,-44.2204
1TIM,-121.5464,164.8638
1TIM,-34.0565,-18.6359
1TIM,-47.8179,-48.7337
1TIM,-47.0612,-58.6697
1TIM,-58.0003,-51.0751
1TIM,-39.2595,-59.9319
1TIM,-47.5519,-70.8105
1TIM,-35.653,-38.1853
1TIM,-110.3979,2.0155
1TIM,-107.5743,34.001
1TIM,-99.1615,-43.6201
